title,url
BALENCIAGA City leather handbag 6.551 DKK Sweden,https://www.vestiairecollective.com/women-bags/handbags/balenciaga/navy-leather-city-balenciaga-handbag-65284937.shtml
VINTAGE BALENCIAGA Everyday leather handbag 1.770 DKK 1.328 DKK Italy,https://www.vestiairecollective.com/women-bags/handbags/balenciaga/black-leather-everyday-balenciaga-handbag-65278856.shtml
BALENCIAGA City leather handbag 6.540 DKK France,https://www.vestiairecollective.com/women-bags/handbags/balenciaga/blue-leather-city-balenciaga-handbag-65200128.shtml
BALENCIAGA Le Cagole leather crossbody bag 5.753 DKK Netherlands,https://www.vestiairecollective.com/women-bags/handbags/balenciaga/blue-leather-le-cagole-balenciaga-handbag-65259182.shtml
BALENCIAGA Le Cagole leather handbag 4.310 DKK Spain,https://www.vestiairecollective.com/women-bags/handbags/balenciaga/green-leather-le-cagole-balenciaga-handbag-65166547.shtml
BALENCIAGA City leather handbag 3.363 DKK 3.275 DKK France,https://www.vestiairecollective.com/women-bags/handbags/balenciaga/white-leather-city-balenciaga-handbag-65148864.shtml
WE LOVE BALENCIAGA Hourglass leather handbag 8.761 DKK 5.974 DKK France,https://www.vestiairecollective.com/women-bags/handbags/balenciaga/black-leather-hourglass-balenciaga-handbag-64984962.shtml
BALENCIAGA Crush leather handbag 7.522 DKK France,https://www.vestiairecollective.com/women-bags/handbags/balenciaga/black-leather-crush-balenciaga-handbag-65228674.shtml
BALENCIAGA City leather handbag 6.195 DKK France,https://www.vestiairecollective.com/women-bags/handbags/balenciaga/purple-leather-city-balenciaga-handbag-65177457.shtml
BALENCIAGA Neo Cagole City handbag 8.584 DKK France,https://www.vestiairecollective.com/women-bags/handbags/balenciaga/blue-denim-jeans-neo-cagole-city-balenciaga-handbag-65283683.shtml
BALENCIAGA Laundry Cabas leather tote 3.213 DKK Italy,https://www.vestiairecollective.com/women-bags/handbags/balenciaga/green-leather-laundry-cabas-balenciaga-handbag-65156234.shtml
BALENCIAGA City leather handbag 8.407 DKK France,https://www.vestiairecollective.com/women-bags/handbags/balenciaga/black-leather-city-balenciaga-handbag-65176192.shtml
BALENCIAGA Neo Cagole City leather handbag 13.275 DKK Spain,https://www.vestiairecollective.com/women-bags/handbags/balenciaga/black-leather-neo-cagole-city-balenciaga-handbag-65076102.shtml
WE LOVE BALENCIAGA BB chain leather handbag 4.071 DKK 3.452 DKK Germany,https://www.vestiairecollective.com/women-bags/handbags/balenciaga/black-leather-bb-chain-balenciaga-handbag-65006967.shtml
BALENCIAGA Crush handbag 7.522 DKK Cyprus,https://www.vestiairecollective.com/women-bags/handbags/balenciaga/blue-cotton-crush-balenciaga-handbag-65224466.shtml
BALENCIAGA Leather crossbody bag 3.800 DKK Sweden,https://www.vestiairecollective.com/women-bags/handbags/balenciaga/black-leather-balenciaga-handbag-65272750.shtml
BALENCIAGA City leather handbag 3.363 DKK France,https://www.vestiairecollective.com/women-bags/handbags/balenciaga/grey-leather-city-balenciaga-handbag-65113160.shtml
BALENCIAGA Le Cagole leather handbag 6.664 DKK 6.195 DKK Cyprus,https://www.vestiairecollective.com/women-bags/handbags/balenciaga/other-leather-le-cagole-balenciaga-handbag-65078072.shtml
VINTAGE BALENCIAGA City leather handbag 7.522 DKK Ireland,https://www.vestiairecollective.com/women-bags/handbags/balenciaga/black-leather-city-balenciaga-handbag-65180827.shtml
BALENCIAGA Neo Cagole City leather handbag 7.611 DKK Belgium,https://www.vestiairecollective.com/women-bags/handbags/balenciaga/pink-leather-neo-cagole-city-balenciaga-handbag-64989204.shtml
WE LOVE BALENCIAGA Hourglass leather handbag 5.797 DKK 5.664 DKK Belgium,https://www.vestiairecollective.com/women-bags/handbags/balenciaga/black-leather-hourglass-balenciaga-handbag-64729381.shtml
BALENCIAGA Shopping Phone Holder patent leather crossbody bag 3.983 DKK Greece,https://www.vestiairecollective.com/women-bags/handbags/balenciaga/black-patent-leather-shopping-phone-holder-balenciaga-handbag-65237300.shtml
VINTAGE BALENCIAGA Leather handbag 1.284 DKK Spain,https://www.vestiairecollective.com/women-bags/handbags/balenciaga/black-leather-balenciaga-handbag-65289564.shtml
BALENCIAGA Neo Classic leather handbag 5.799 DKK France,https://www.vestiairecollective.com/women-bags/handbags/balenciaga/green-leather-neo-classic-balenciaga-handbag-64793034.shtml
VINTAGE WE LOVE BALENCIAGA City leather handbag 4.859 DKK 4.372 DKK Denmark,https://www.vestiairecollective.com/women-bags/handbags/balenciaga/black-leather-city-balenciaga-handbag-64931183.shtml
WE LOVE BALENCIAGA Neo Cagole City leather crossbody bag 8.407 DKK 7.965 DKK France,https://www.vestiairecollective.com/women-bags/handbags/balenciaga/blue-leather-neo-cagole-city-balenciaga-handbag-65000048.shtml
BALENCIAGA Ville Day leather crossbody bag 3.540 DKK Ireland,https://www.vestiairecollective.com/women-bags/handbags/balenciaga/black-leather-ville-day-balenciaga-handbag-65201048.shtml
BALENCIAGA Le Cagole handbag 6.912 DKK Germany,https://www.vestiairecollective.com/women-bags/handbags/balenciaga/grey-denim-jeans-le-cagole-balenciaga-handbag-65140945.shtml
VINTAGE WE LOVE BALENCIAGA Twiggy leather handbag 5.310 DKK 4.779 DKK Italy,https://www.vestiairecollective.com/women-bags/handbags/balenciaga/black-leather-twiggy-balenciaga-handbag-64815720.shtml
BALENCIAGA City leather handbag 6.808 DKK Poland,https://www.vestiairecollective.com/women-bags/handbags/balenciaga/black-leather-city-balenciaga-handbag-65213483.shtml
BALENCIAGA City leather handbag 9.566 DKK France,https://www.vestiairecollective.com/women-bags/handbags/balenciaga/black-leather-city-balenciaga-handbag-65102713.shtml
WE LOVE BALENCIAGA Panier cloth handbag 4.425 DKK 4.248 DKK Italy,https://www.vestiairecollective.com/women-bags/handbags/balenciaga/multicolour-cloth-panier-balenciaga-handbag-64925154.shtml
BALENCIAGA Crush handbag 6.195 DKK Ireland,https://www.vestiairecollective.com/women-bags/handbags/balenciaga/black-denim-jeans-crush-balenciaga-handbag-65148932.shtml
BALENCIAGA City leather handbag 6.638 DKK Denmark,https://www.vestiairecollective.com/women-bags/handbags/balenciaga/blue-leather-city-balenciaga-handbag-65109689.shtml
WE LOVE BALENCIAGA Neo Classic leather handbag 8.407 DKK Spain,https://www.vestiairecollective.com/women-bags/handbags/balenciaga/black-leather-neo-classic-balenciaga-handbag-64880502.shtml
BALENCIAGA Ville Top Handle leather handbag 5.131 DKK France,https://www.vestiairecollective.com/women-bags/handbags/balenciaga/white-leather-ville-top-handle-balenciaga-handbag-65159094.shtml
BALENCIAGA Hourglass handbag 3.717 DKK 3.346 DKK France,https://www.vestiairecollective.com/women-bags/handbags/balenciaga/pink-synthetic-hourglass-balenciaga-handbag-65146167.shtml
WE LOVE BALENCIAGA Neo Cagole City leather handbag 6.850 DKK Italy,https://www.vestiairecollective.com/women-bags/handbags/balenciaga/black-leather-neo-cagole-city-balenciaga-handbag-64623794.shtml
BALENCIAGA Pompon leather handbag 4.321 DKK Sweden,https://www.vestiairecollective.com/women-bags/handbags/balenciaga/grey-leather-pompon-balenciaga-handbag-65094635.shtml
WE LOVE BALENCIAGA Crush leather handbag 11.947 DKK 11.062 DKK Italy,https://www.vestiairecollective.com/women-bags/handbags/balenciaga/black-leather-crush-balenciaga-handbag-64727293.shtml
BALENCIAGA Hourglass leather handbag 4.859 DKK France,https://www.vestiairecollective.com/women-bags/handbags/balenciaga/black-leather-hourglass-balenciaga-handbag-64980001.shtml
VINTAGE BALENCIAGA City leather tote 3.418 DKK Germany,https://www.vestiairecollective.com/women-bags/handbags/balenciaga/black-leather-city-balenciaga-handbag-65262648.shtml
WE LOVE BALENCIAGA Laundry Cabas leather crossbody bag 3.186 DKK Spain,https://www.vestiairecollective.com/women-bags/handbags/balenciaga/black-leather-laundry-cabas-balenciaga-handbag-64974707.shtml
BALENCIAGA Le Cagole leather handbag 7.876 DKK Italy,https://www.vestiairecollective.com/women-bags/handbags/balenciaga/black-leather-le-cagole-balenciaga-handbag-65148939.shtml
VINTAGE BALENCIAGA B leather handbag 2.567 DKK France,https://www.vestiairecollective.com/women-bags/handbags/balenciaga/black-leather-b-balenciaga-handbag-65064017.shtml
VINTAGE BALENCIAGA XX Hobo leather handbag 1.505 DKK Italy,https://www.vestiairecollective.com/women-bags/handbags/balenciaga/brown-leather-xx-hobo-balenciaga-handbag-65130158.shtml
WE LOVE BALENCIAGA Le Cagole leather handbag 7.257 DKK Finland,https://www.vestiairecollective.com/women-bags/handbags/balenciaga/black-leather-le-cagole-balenciaga-handbag-64916311.shtml
WE LOVE BALENCIAGA City leather handbag 13.275 DKK 9.235 DKK Spain,https://www.vestiairecollective.com/women-bags/handbags/balenciaga/black-leather-city-balenciaga-handbag-64918491.shtml
WE LOVE BALENCIAGA Crush leather handbag 6.850 DKK France,https://www.vestiairecollective.com/women-bags/handbags/balenciaga/black-leather-crush-balenciaga-handbag-64528066.shtml
BALENCIAGA Ville Top Handle leather handbag 4.868 DKK 4.416 DKK Italy,https://www.vestiairecollective.com/women-bags/handbags/balenciaga/green-leather-ville-top-handle-balenciaga-handbag-65070495.shtml
BALENCIAGA City leather handbag 5.576 DKK Czech Republic,https://www.vestiairecollective.com/women-bags/handbags/balenciaga/blue-leather-city-balenciaga-handbag-65199008.shtml
WE LOVE BALENCIAGA Ghost leather handbag 3.540 DKK France,https://www.vestiairecollective.com/women-bags/handbags/balenciaga/black-leather-ghost-balenciaga-handbag-64986355.shtml
BALENCIAGA Sneakerhead handbag 3.452 DKK Spain,https://www.vestiairecollective.com/women-bags/handbags/balenciaga/white-cotton-sneakerhead-balenciaga-handbag-65278262.shtml
WE LOVE BALENCIAGA Le Cagole leather handbag 6.391 DKK Romania,https://www.vestiairecollective.com/women-bags/handbags/balenciaga/grey-leather-le-cagole-balenciaga-handbag-64860248.shtml
WE LOVE BALENCIAGA Courier XL leather crossbody bag 2.655 DKK Italy,https://www.vestiairecollective.com/women-bags/handbags/balenciaga/green-leather-courier-xl-balenciaga-handbag-64881588.shtml
WE LOVE BALENCIAGA Neo Cagole City leather handbag 8.983 DKK Italy,https://www.vestiairecollective.com/women-bags/handbags/balenciaga/purple-leather-neo-cagole-city-balenciaga-handbag-64888402.shtml
BALENCIAGA Le Cagole leather handbag 9.455 DKK Poland,https://www.vestiairecollective.com/women-bags/handbags/balenciaga/black-leather-le-cagole-balenciaga-handbag-65186027.shtml
VINTAGE BALENCIAGA Neo Classic leather crossbody bag 9.044 DKK Sweden,https://www.vestiairecollective.com/women-bags/handbags/balenciaga/black-leather-neo-classic-balenciaga-handbag-65167261.shtml
VINTAGE WE LOVE BALENCIAGA Leather handbag 797 DKK Spain,https://www.vestiairecollective.com/women-bags/handbags/balenciaga/brown-leather-balenciaga-handbag-65000068.shtml
BALENCIAGA Leather handbag 1.673 DKK Portugal,https://www.vestiairecollective.com/women-bags/handbags/balenciaga/black-leather-balenciaga-handbag-65249025.shtml
designer handbags,https://www.vestiairecollective.com/women-bags/handbags/
off white bag,https://www.vestiairecollective.com/women-bags/off-white/
delvaux bags for women,https://www.vestiairecollective.com/women-bags/delvaux/
agnes b bag,https://www.vestiairecollective.com/women-bags/agnes-b/
francesco biasia,https://www.vestiairecollective.com/women-bags/francesco-biasia/
guy laroche handbag,https://www.vestiairecollective.com/women-bags/handbags/guy-laroche/
saïgon goyard handbags,https://www.vestiairecollective.com/women-bags/handbags/goyard/saigon/
lady mansur gavriel handbags,https://www.vestiairecollective.com/women-bags/handbags/mansur-gavriel/lady/
walter steiger handbags,https://www.vestiairecollective.com/women-bags/handbags/walter-steiger/
black genny handbags for women,https://www.vestiairecollective.com/women-bags/handbags/genny/black/
liviana conti handbag,https://www.vestiairecollective.com/women-bags/handbags/liviana-conti/
reptile's house women's handbag,https://www.vestiairecollective.com/women-bags/handbags/reptiles-house/
a lady's handbag,https://www.vestiairecollective.com/sale/women-bags/
Speedy handbag by Louis Vuitton,https://www.vestiairecollective.com/women-bags/handbags/louis-vuitton/speedy/
Celine's Classic bag,https://www.vestiairecollective.com/women-bags/handbags/celine/classic/
